<?xml version="1.0" encoding="UTF-8"?>
<!-- Generated by eXe - http://exelearning.net -->
<manifest identifier="eXeendizaje_15c40b780244ac410ea1" 
xmlns:xsi="http://www.w3.org/2001/XMLSchema-instance" 
xmlns:adlcp="http://www.adlnet.org/xsd/adlcp_v1p3" 
xmlns:adlseq="http://www.adlnet.org/xsd/adlseq_v1p3" 
xmlns:adlnav="http://www.adlnet.org/xsd/adlnav_v1p3" 
xmlns:imsss="http://www.imsglobal.org/xsd/imsss" 
xmlns:lom="http://ltsc.ieee.org/xsd/LOM" 
xmlns:lomes="http://ltsc.ieee.org/xsd/LOM" 
xmlns="http://www.imsglobal.org/xsd/imscp_v1p1" 
xsi:schemaLocation="http://www.imsglobal.org/xsd/imscp_v1p1 imscp_v1p1.xsd http://ltsc.ieee.org/xsd/LOM lomCustom.xsd http://www.adlnet.org/xsd/adlcp_v1p3 adlcp_v1p3.xsd  http://www.imsglobal.org/xsd/imsss imsss_v1p0.xsd  http://www.adlnet.org/xsd/adlseq_v1p3 adlseq_v1p3.xsd http://www.adlnet.org/xsd/adlnav_v1p3 adlnav_v1p3.xsd"> 
<metadata> 
 <schema>ADL SCORM</schema> 
 <schemaversion>2004 3rd Edition</schemaversion> 
 <adlcp:location>imslrm.xml</adlcp:location> 
</metadata> 
<organizations default="eXeendizaje_15c40b780244ac410ea2">  
    <organization identifier="eXeendizaje_15c40b780244ac410ea2" structure="hierarchical">
        <title>Objeto educativo</title>
<item identifier="ITEM-eXeendizaje_15c40b780244ac410ea3" isvisible="true">
    <title>Inicio</title>
<item identifier="ITEM-eXeendizaje_15c40b780244ac410ea4" isvisible="true" identifierref="RES-eXeendizaje_15c40b780244ac410ea5">
    <title>&lt;-</title>
</item>
<item identifier="ITEM-eXeendizaje_15c40b780244ac410ea6" isvisible="true" identifierref="RES-eXeendizaje_15c40b780244ac410ea7">
    <title>Introducción</title>
</item>
<item identifier="ITEM-eXeendizaje_15c40b780244ac410ec8" isvisible="true" identifierref="RES-eXeendizaje_15c40b780244ac410ec9">
    <title>Objetivo</title>
</item>
<item identifier="ITEM-eXeendizaje_15c40b780244ac410eda" isvisible="true" identifierref="RES-eXeendizaje_15c40b780244ac410edb">
    <title>Contenido</title>
</item>
<item identifier="ITEM-eXeendizaje_15c40b780244ac410edc" isvisible="true" identifierref="RES-eXeendizaje_15c40b780244ac410edd">
    <title>¿Que es informática y su importancia?</title>
</item>
<item identifier="ITEM-eXeendizaje_15c40b780244ac410efe" isvisible="true">
    <title>Concepto Computadora</title>
<item identifier="ITEM-eXeendizaje_15c40b780244ac410eff" isvisible="true" identifierref="RES-eXeendizaje_15c40b780244ac410ef10">
    <title>&lt;-</title>
</item>
<item identifier="ITEM-eXeendizaje_15c40b780244ac410ef11" isvisible="true" identifierref="RES-eXeendizaje_15c40b780244ac410ef12">
    <title>¿Qué significa procesar información?</title>
</item>
  <imsss:sequencing>
    <imsss:controlMode choice="true" choiceExit="true" flow="true" forwardOnly="false"/>
  </imsss:sequencing></item>
<item identifier="ITEM-eXeendizaje_15c40b780244ac410f113" isvisible="true" identifierref="RES-eXeendizaje_15c40b780244ac410f114">
    <title>Partes de la computadora</title>
</item>
<item identifier="ITEM-eXeendizaje_15c40b780244ac410f115" isvisible="true" identifierref="RES-eXeendizaje_15c40b780244ac410f116">
    <title>Evaluación</title>
</item>
<item identifier="ITEM-eXeendizaje_15c40b780244ac4110617" isvisible="true">
    <title>Inicio</title>
<item identifier="ITEM-eXeendizaje_15c40b780244ac4110618" isvisible="true" identifierref="RES-eXeendizaje_15c40b780244ac4110619">
    <title>&lt;-</title>
</item>
<item identifier="ITEM-eXeendizaje_15c40b780244ac411071a" isvisible="true" identifierref="RES-eXeendizaje_15c40b780244ac411071b">
    <title>Introducción</title>
</item>
<item identifier="ITEM-eXeendizaje_15c40b780244ac411071c" isvisible="true" identifierref="RES-eXeendizaje_15c40b780244ac411071d">
    <title>Objetivo</title>
</item>
<item identifier="ITEM-eXeendizaje_15c40b780244ac411071e" isvisible="true">
    <title>Tema: Evolución de la computadora</title>
<item identifier="ITEM-eXeendizaje_15c40b780244ac411071f" isvisible="true" identifierref="RES-eXeendizaje_15c40b780244ac4110720">
    <title>&lt;-</title>
</item>
<item identifier="ITEM-eXeendizaje_15c40b780244ac4110b21" isvisible="true" identifierref="RES-eXeendizaje_15c40b780244ac4110b22">
    <title>Evaluación</title>
</item>
  <imsss:sequencing>
    <imsss:controlMode choice="true" choiceExit="true" flow="true" forwardOnly="false"/>
  </imsss:sequencing></item>
  <imsss:sequencing>
    <imsss:controlMode choice="true" choiceExit="true" flow="true" forwardOnly="false"/>
  </imsss:sequencing></item>
<item identifier="ITEM-eXeendizaje_15c40b780244ac4110c23" isvisible="true">
    <title>Inicio</title>
<item identifier="ITEM-eXeendizaje_15c40b780244ac4110c24" isvisible="true" identifierref="RES-eXeendizaje_15c40b780244ac4110c25">
    <title>&lt;-</title>
</item>
<item identifier="ITEM-eXeendizaje_15c40b780244ac4110d26" isvisible="true" identifierref="RES-eXeendizaje_15c40b780244ac4110d27">
    <title>Introducción</title>
</item>
<item identifier="ITEM-eXeendizaje_15c40b780244ac4110d28" isvisible="true" identifierref="RES-eXeendizaje_15c40b780244ac4110d29">
    <title>Objetivo</title>
</item>
<item identifier="ITEM-eXeendizaje_15c40b780244ac4110e2a" isvisible="true">
    <title>¿Qué es el hardware?</title>
<item identifier="ITEM-eXeendizaje_15c40b780244ac4110e2b" isvisible="true" identifierref="RES-eXeendizaje_15c40b780244ac4110e2c">
    <title>&lt;-</title>
</item>
<item identifier="ITEM-eXeendizaje_15c40b780244ac411102d" isvisible="true" identifierref="RES-eXeendizaje_15c40b780244ac411102e">
    <title>Evaluación</title>
</item>
  <imsss:sequencing>
    <imsss:controlMode choice="true" choiceExit="true" flow="true" forwardOnly="false"/>
  </imsss:sequencing></item>
<item identifier="ITEM-eXeendizaje_15c40b780244ac4111a2f" isvisible="true">
    <title>Inicio</title>
<item identifier="ITEM-eXeendizaje_15c40b780244ac4111a30" isvisible="true" identifierref="RES-eXeendizaje_15c40b780244ac4111a31">
    <title>&lt;-</title>
</item>
<item identifier="ITEM-eXeendizaje_15c40b780244ac4111a32" isvisible="true" identifierref="RES-eXeendizaje_15c40b780244ac4111a33">
    <title>Introducción</title>
</item>
<item identifier="ITEM-eXeendizaje_15c40b780244ac4111a34" isvisible="true" identifierref="RES-eXeendizaje_15c40b780244ac4111a35">
    <title>Objetivo</title>
</item>
<item identifier="ITEM-eXeendizaje_15c40b780244ac4111b36" isvisible="true">
    <title>Parte lógica de la computadora</title>
<item identifier="ITEM-eXeendizaje_15c40b780244ac4111b37" isvisible="true" identifierref="RES-eXeendizaje_15c40b780244ac4111b38">
    <title>&lt;-</title>
</item>
<item identifier="ITEM-eXeendizaje_15c40b780244ac4111b39" isvisible="true" identifierref="RES-eXeendizaje_15c40b780244ac4111b3a">
    <title>¿Qué es el software?</title>
</item>
<item identifier="ITEM-eXeendizaje_15c40b780244ac4111c3b" isvisible="true" identifierref="RES-eXeendizaje_15c40b780244ac4111c3c">
    <title>Diferencias entre hardware y software</title>
</item>
  <imsss:sequencing>
    <imsss:controlMode choice="true" choiceExit="true" flow="true" forwardOnly="false"/>
  </imsss:sequencing></item>
<item identifier="ITEM-eXeendizaje_15c40b780244ac4111e3d" isvisible="true" identifierref="RES-eXeendizaje_15c40b780244ac4111e3e">
    <title>Evaluación</title>
</item>
  <imsss:sequencing>
    <imsss:controlMode choice="true" choiceExit="true" flow="true" forwardOnly="false"/>
  </imsss:sequencing></item>
  <imsss:sequencing>
    <imsss:controlMode choice="true" choiceExit="true" flow="true" forwardOnly="false"/>
  </imsss:sequencing></item>
  <imsss:sequencing>
    <imsss:controlMode choice="true" choiceExit="true" flow="true" forwardOnly="false"/>
  </imsss:sequencing></item>
  <imsss:sequencing>
    <imsss:controlMode choice="true" choiceExit="true" flow="true" forwardOnly="false"/>
  </imsss:sequencing>  </organization>
</organizations>
<resources>
  <resource identifier="RES-eXeendizaje_15c40b780244ac410ea5" type="webcontent" adlcp:scormType="sco" href="index.html"> 
    <file href="index.html"/> 
    <file href="exe_html5.js"/>
    <file href="logo.png"/>
    <dependency identifierref="COMMON_FILES"/>
  </resource>
  <resource identifier="RES-eXeendizaje_15c40b780244ac410ea7" type="webcontent" adlcp:scormType="sco" href="introduccin.html"> 
    <file href="introduccin.html"/> 
    <file href="exe_html5.js"/>
    <dependency identifierref="COMMON_FILES"/>
  </resource>
  <resource identifier="RES-eXeendizaje_15c40b780244ac410ec9" type="webcontent" adlcp:scormType="sco" href="objetivo.html"> 
    <file href="objetivo.html"/> 
    <file href="exe_html5.js"/>
    <dependency identifierref="COMMON_FILES"/>
  </resource>
  <resource identifier="RES-eXeendizaje_15c40b780244ac410edb" type="webcontent" adlcp:scormType="sco" href="contenido.html"> 
    <file href="contenido.html"/> 
    <file href="exe_html5.js"/>
    <file href="software.jpeg"/>
    <file href="img2.png"/>
    <file href="hardware.jpeg"/>
    <dependency identifierref="COMMON_FILES"/>
  </resource>
  <resource identifier="RES-eXeendizaje_15c40b780244ac410edd" type="webcontent" adlcp:scormType="sco" href="que_es_informtica_y_su_importancia.html"> 
    <file href="que_es_informtica_y_su_importancia.html"/> 
    <file href="exe_html5.js"/>
    <file href="la_informatica_y_la_computadora.jpg"/>
    <file href="common.js"/>
    <dependency identifierref="COMMON_FILES"/>
  </resource>
  <resource identifier="RES-eXeendizaje_15c40b780244ac410ef10" type="webcontent" adlcp:scormType="sco" href="concepto_computadora.html"> 
    <file href="concepto_computadora.html"/> 
    <file href="exe_html5.js"/>
    <file href="pc.jpg"/>
    <dependency identifierref="COMMON_FILES"/>
  </resource>
  <resource identifier="RES-eXeendizaje_15c40b780244ac410ef12" type="webcontent" adlcp:scormType="sco" href="qu_significa_procesar_informacin.html"> 
    <file href="qu_significa_procesar_informacin.html"/> 
    <file href="exe_html5.js"/>
    <file href="common.js"/>
    <dependency identifierref="COMMON_FILES"/>
  </resource>
  <resource identifier="RES-eXeendizaje_15c40b780244ac410f114" type="webcontent" adlcp:scormType="sco" href="partes_de_la_computadora.html"> 
    <file href="partes_de_la_computadora.html"/> 
    <file href="exe_html5.js"/>
    <dependency identifierref="COMMON_FILES"/>
  </resource>
  <resource identifier="RES-eXeendizaje_15c40b780244ac410f116" type="webcontent" adlcp:scormType="sco" href="evaluacin.html"> 
    <file href="evaluacin.html"/> 
    <file href="exe_html5.js"/>
    <file href="common.js"/>
    <dependency identifierref="COMMON_FILES"/>
  </resource>
  <resource identifier="RES-eXeendizaje_15c40b780244ac4110619" type="webcontent" adlcp:scormType="sco" href="inicio.html"> 
    <file href="inicio.html"/> 
    <file href="exe_html5.js"/>
    <file href="logo.png"/>
    <dependency identifierref="COMMON_FILES"/>
  </resource>
  <resource identifier="RES-eXeendizaje_15c40b780244ac411071b" type="webcontent" adlcp:scormType="sco" href="introduccin0.html"> 
    <file href="introduccin0.html"/> 
    <file href="exe_html5.js"/>
    <dependency identifierref="COMMON_FILES"/>
  </resource>
  <resource identifier="RES-eXeendizaje_15c40b780244ac411071d" type="webcontent" adlcp:scormType="sco" href="objetivo0.html"> 
    <file href="objetivo0.html"/> 
    <file href="exe_html5.js"/>
    <dependency identifierref="COMMON_FILES"/>
  </resource>
  <resource identifier="RES-eXeendizaje_15c40b780244ac4110720" type="webcontent" adlcp:scormType="sco" href="tema_evolucin_de_la_computadora.html"> 
    <file href="tema_evolucin_de_la_computadora.html"/> 
    <file href="exe_html5.js"/>
    <file href="common.js"/>
    <dependency identifierref="COMMON_FILES"/>
  </resource>
  <resource identifier="RES-eXeendizaje_15c40b780244ac4110b22" type="webcontent" adlcp:scormType="sco" href="evaluacin0.html"> 
    <file href="evaluacin0.html"/> 
    <file href="exe_html5.js"/>
    <file href="scrambled-list.css"/>
    <file href="scrambled-list.js"/>
    <file href="scrambled-list.png"/>
    <dependency identifierref="COMMON_FILES"/>
  </resource>
  <resource identifier="RES-eXeendizaje_15c40b780244ac4110c25" type="webcontent" adlcp:scormType="sco" href="inicio0.html"> 
    <file href="inicio0.html"/> 
    <file href="exe_html5.js"/>
    <file href="logo.png"/>
    <dependency identifierref="COMMON_FILES"/>
  </resource>
  <resource identifier="RES-eXeendizaje_15c40b780244ac4110d27" type="webcontent" adlcp:scormType="sco" href="introduccin1.html"> 
    <file href="introduccin1.html"/> 
    <file href="exe_html5.js"/>
    <dependency identifierref="COMMON_FILES"/>
  </resource>
  <resource identifier="RES-eXeendizaje_15c40b780244ac4110d29" type="webcontent" adlcp:scormType="sco" href="objetivo1.html"> 
    <file href="objetivo1.html"/> 
    <file href="exe_html5.js"/>
    <dependency identifierref="COMMON_FILES"/>
  </resource>
  <resource identifier="RES-eXeendizaje_15c40b780244ac4110e2c" type="webcontent" adlcp:scormType="sco" href="qu_es_el_hardware.html"> 
    <file href="qu_es_el_hardware.html"/> 
    <file href="exe_html5.js"/>
    <file href="common.js"/>
    <dependency identifierref="COMMON_FILES"/>
  </resource>
  <resource identifier="RES-eXeendizaje_15c40b780244ac411102e" type="webcontent" adlcp:scormType="sco" href="evaluacin1.html"> 
    <file href="evaluacin1.html"/> 
    <file href="exe_html5.js"/>
    <file href="bocinaThumbnail.png"/>
    <file href="mouse.png"/>
    <file href="microfono.jpg"/>
    <file href="impresora.png"/>
    <file href="microfonoThumbnail.png"/>
    <file href="proyectorThumbnail.png"/>
    <file href="escanerThumbnail.png"/>
    <file href="bocina.jpg"/>
    <file href="mouseThumbnail.png"/>
    <file href="monitorThumbnail.png"/>
    <file href="escaner.gif"/>
    <file href="impresoraThumbnail.png"/>
    <file href="teclado.png"/>
    <file href="proyector.jpg"/>
    <file href="jquery-ui-1.10.3.custom.min.js"/>
    <file href="tecladoThumbnail.png"/>
    <file href="monitor.jpg"/>
    <file href="sortItems.js"/>
    <file href="exe_lightbox.css"/>
    <file href="exe_lightbox.js"/>
    <file href="exe_lightbox_default_thumb.png"/>
    <file href="exe_lightbox_loader.gif"/>
    <file href="exe_lightbox_sprite.png"/>
    <file href="exe_lightbox_sprite_next.png"/>
    <file href="exe_lightbox_sprite_prev.png"/>
    <file href="exe_lightbox_sprite_x.png"/>
    <file href="exe_lightbox_sprite_y.png"/>
    <dependency identifierref="COMMON_FILES"/>
  </resource>
  <resource identifier="RES-eXeendizaje_15c40b780244ac4111a31" type="webcontent" adlcp:scormType="sco" href="inicio1.html"> 
    <file href="inicio1.html"/> 
    <file href="exe_html5.js"/>
    <file href="logo.png"/>
    <dependency identifierref="COMMON_FILES"/>
  </resource>
  <resource identifier="RES-eXeendizaje_15c40b780244ac4111a33" type="webcontent" adlcp:scormType="sco" href="introduccin2.html"> 
    <file href="introduccin2.html"/> 
    <file href="exe_html5.js"/>
    <dependency identifierref="COMMON_FILES"/>
  </resource>
  <resource identifier="RES-eXeendizaje_15c40b780244ac4111a35" type="webcontent" adlcp:scormType="sco" href="objetivo2.html"> 
    <file href="objetivo2.html"/> 
    <file href="exe_html5.js"/>
    <dependency identifierref="COMMON_FILES"/>
  </resource>
  <resource identifier="RES-eXeendizaje_15c40b780244ac4111b38" type="webcontent" adlcp:scormType="sco" href="parte_lgica_de_la_computadora.html"> 
    <file href="parte_lgica_de_la_computadora.html"/> 
    <file href="exe_html5.js"/>
    <dependency identifierref="COMMON_FILES"/>
  </resource>
  <resource identifier="RES-eXeendizaje_15c40b780244ac4111b3a" type="webcontent" adlcp:scormType="sco" href="qu_es_el_software.html"> 
    <file href="qu_es_el_software.html"/> 
    <file href="exe_html5.js"/>
    <file href="esquema.png"/>
    <file href="common.js"/>
    <dependency identifierref="COMMON_FILES"/>
  </resource>
  <resource identifier="RES-eXeendizaje_15c40b780244ac4111c3c" type="webcontent" adlcp:scormType="sco" href="diferencias_entre_hardware_y_software.html"> 
    <file href="diferencias_entre_hardware_y_software.html"/> 
    <file href="exe_html5.js"/>
    <file href="common.js"/>
    <dependency identifierref="COMMON_FILES"/>
  </resource>
  <resource identifier="RES-eXeendizaje_15c40b780244ac4111e3e" type="webcontent" adlcp:scormType="sco" href="evaluacin2.html"> 
    <file href="evaluacin2.html"/> 
    <file href="exe_html5.js"/>
    <dependency identifierref="COMMON_FILES"/>
  </resource>
  <resource identifier="COMMON_FILES" type="webcontent" adlcp:scormType="asset">
    <file href="config.xml"/>
    <file href="content.css"/>
    <file href="icon_activity.gif"/>
    <file href="icon_assess.gif"/>
    <file href="icon_assignment.gif"/>
    <file href="icon_attention.gif"/>
    <file href="icon_calc.gif"/>
    <file href="icon_casestudy.gif"/>
    <file href="icon_define.gif"/>
    <file href="icon_diagnosis.gif"/>
    <file href="icon_discussion.gif"/>
    <file href="icon_experiment.gif"/>
    <file href="icon_e_gloss.gif"/>
    <file href="icon_e_journal.gif"/>
    <file href="icon_gallery.gif"/>
    <file href="icon_generic.gif"/>
    <file href="icon_inter.gif"/>
    <file href="icon_key_points.gif"/>
    <file href="icon_multimedia.gif"/>
    <file href="icon_objectives.gif"/>
    <file href="icon_preknowledge.gif"/>
    <file href="icon_present.gif"/>
    <file href="icon_question.gif"/>
    <file href="icon_reading.gif"/>
    <file href="icon_reflection.gif"/>
    <file href="icon_review.gif"/>
    <file href="icon_summary.gif"/>
    <file href="icon_synthesis.gif"/>
    <file href="icon_technology.gif"/>
    <file href="icon_time.gif"/>
    <file href="icon_web_resource.gif"/>
    <file href="my_header.jpg"/>
    <file href="my_header_fullscreen.jpg"/>
    <file href="my_hide_show.png"/>
    <file href="my_ims_header.jpg"/>
    <file href="my_js.js"/>
    <file href="my_list.gif"/>
    <file href="my_logo.jpg"/>
    <file href="my_nav_arrow.gif"/>
    <file href="nav.css"/>
    <file href="base.css"/>
    <file href="popup_bg.gif"/>
    <file href="SCORM_API_wrapper.js"/>
    <file href="SCOFunctions.js"/>
    <file href="common.js"/>
    <file href="common_i18n.js"/>
    <file href="exe_jquery.js"/>
  </resource>
</resources>
</manifest>
